,Admin1Name,Admin2Name,CityName,CountValue,Year
304099,ALABAMA,CALHOUN COUNTY,ANNISTON,1,1923
219024,ALABAMA,DALLAS COUNTY,SELMA,1,1923
315996,ALABAMA,ETOWAH COUNTY,GADSDEN,1,1921
316480,ALABAMA,HOUSTON COUNTY,DOTHAN,1,1923
214466,ALABAMA,JEFFERSON COUNTY,BESSEMER,1,1920
212434,ALABAMA,JEFFERSON COUNTY,BIRMINGHAM,2,1941
314153,ALABAMA,LAUDERDALE COUNTY,FLORENCE,3,1922
113540,ALABAMA,MOBILE COUNTY,MOBILE,0,1941
213299,ALABAMA,MONTGOMERY COUNTY,MONTGOMERY,0,1940
307433,ALABAMA,TUSCALOOSA COUNTY,TUSCALOOSA,2,1923
300069,ALASKA,KETCHIKAN GATEWAY BOROUGH,KETCHIKAN,1,1914
300387,ARIZONA,MARICOPA COUNTY,PHOENIX,0,1941
313919,ARIZONA,PIMA COUNTY,TUCSON,6,1923
223763,ARKANSAS,GARLAND COUNTY,HOT SPRINGS,1,1922
310976,ARKANSAS,JEFFERSON COUNTY,PINE BLUFF,1,1920
209349,ARKANSAS,PHILLIPS COUNTY,HELENA,1,1918
222660,ARKANSAS,PULASKI COUNTY,LITTLE ROCK,1,1941
303980,ARKANSAS,PULASKI COUNTY,NORTH LITTLE ROCK,1,1923
196174,ARKANSAS,SEBASTIAN COUNTY,FORT SMITH,0,1940
202638,CALIFORNIA,ALAMEDA COUNTY,ALAMEDA,1,1923
275122,CALIFORNIA,ALAMEDA COUNTY,BERKELEY,2,1923
108097,CALIFORNIA,ALAMEDA COUNTY,OAKLAND,4,1923
314809,CALIFORNIA,CONTRA COSTA COUNTY,RICHMOND,1,1923
276103,CALIFORNIA,FRESNO COUNTY,FRESNO,2,1920
300457,CALIFORNIA,HUMBOLDT COUNTY,EUREKA,1,1923
307153,CALIFORNIA,KERN COUNTY,BAKERSFIELD,1,1923
314601,CALIFORNIA,LOS ANGELES COUNTY,GLENDALE,1,1923
290582,CALIFORNIA,LOS ANGELES COUNTY,LONG BEACH,1,1923
234648,CALIFORNIA,LOS ANGELES COUNTY,LOS ANGELES,31,1941
291134,CALIFORNIA,LOS ANGELES COUNTY,PASADENA,3,1923
307232,CALIFORNIA,LOS ANGELES COUNTY,POMONA,2,1919
298897,CALIFORNIA,LOS ANGELES COUNTY,SOUTH PASADENA,3,1911
307305,CALIFORNIA,ORANGE COUNTY,SANTA ANA,1,1923
309157,CALIFORNIA,RIVERSIDE COUNTY,RIVERSIDE,1,1923
266035,CALIFORNIA,SACRAMENTO COUNTY,SACRAMENTO,3,1941
306994,CALIFORNIA,SAN BERNARDINO COUNTY,REDLANDS,1,1920
293638,CALIFORNIA,SAN BERNARDINO COUNTY,SAN BERNARDINO,2,1923
32913,CALIFORNIA,SAN FRANCISCO COUNTY,SAN FRANCISCO,3,1941
170703,CALIFORNIA,SAN JOAQUIN COUNTY,STOCKTON,2,1923
192672,CALIFORNIA,SANTA BARBARA COUNTY,SANTA BARBARA,1,1923
298889,CALIFORNIA,SANTA CLARA COUNTY,PALO ALTO,1,1915
219831,CALIFORNIA,SANTA CLARA COUNTY,SAN JOSE,1,1923
308129,CALIFORNIA,SANTA CRUZ COUNTY,SANTA CRUZ,1,1923
196399,CALIFORNIA,SOLANO COUNTY,VALLEJO,1,1923
316497,CALIFORNIA,TRINITY COUNTY,LEWISTON,0,1924
223710,COLORADO,BOULDER COUNTY,BOULDER,1,1923
71265,COLORADO,DENVER COUNTY,DENVER,6,1941
276026,COLORADO,EL PASO COUNTY,COLORADO SPRINGS,2,1941
299635,COLORADO,EL PASO COUNTY,FOUNTAIN,1,1913
296405,COLORADO,LAS ANIMAS COUNTY,TRINIDAD,1,1922
170078,COLORADO,PUEBLO COUNTY,PUEBLO,0,1941
245446,COLORADO,WELD COUNTY,GREELEY,1,1923
207087,CONNECTICUT,FAIRFIELD COUNTY,BRIDGEPORT,0,1941
313052,CONNECTICUT,FAIRFIELD COUNTY,DANBURY,1,1923
314719,CONNECTICUT,FAIRFIELD COUNTY,FAIRFIELD,3,1923
266665,CONNECTICUT,FAIRFIELD COUNTY,GREENWICH,1,1923
295546,CONNECTICUT,FAIRFIELD COUNTY,NORWALK,1,1923
235010,CONNECTICUT,FAIRFIELD COUNTY,STAMFORD,1,1922
171957,CONNECTICUT,HARTFORD COUNTY,BRISTOL,1,1923
189899,CONNECTICUT,HARTFORD COUNTY,ENFIELD,1,1894
279107,CONNECTICUT,HARTFORD COUNTY,HARTFORD,1,1941
286250,CONNECTICUT,HARTFORD COUNTY,MANCHESTER,1,1923
273725,CONNECTICUT,HARTFORD COUNTY,NEW BRITAIN,6,1923
207135,CONNECTICUT,MIDDLESEX COUNTY,MIDDLETOWN,1,1918
310844,CONNECTICUT,NEW HAVEN COUNTY,ANSONIA,2,1920
314062,CONNECTICUT,NEW HAVEN COUNTY,DERBY,1,1922
298793,CONNECTICUT,NEW HAVEN COUNTY,MERIDEN,1,1923
314898,CONNECTICUT,NEW HAVEN COUNTY,MILFORD,1,1923
184246,CONNECTICUT,NEW HAVEN COUNTY,NAUGATUCK,1,1895
107524,CONNECTICUT,NEW HAVEN COUNTY,NEW HAVEN,0,1941
312205,CONNECTICUT,NEW HAVEN COUNTY,ORANGE,2,1920
186810,CONNECTICUT,NEW HAVEN COUNTY,WALLINGFORD,1,1919
274065,CONNECTICUT,NEW HAVEN COUNTY,WATERBURY,1,1923
252955,CONNECTICUT,NEW LONDON COUNTY,NEW LONDON,1,1923
276310,CONNECTICUT,NEW LONDON COUNTY,NORWICH,1,1923
314559,CONNECTICUT,NEW LONDON COUNTY,STONINGTON,1,1923
189902,CONNECTICUT,WINDHAM COUNTY,PUTNAM,1,1895
274194,CONNECTICUT,WINDHAM COUNTY,WILLIMANTIC,2,1920
127975,DELAWARE,NEW CASTLE COUNTY,WILMINGTON,0,1941
38806,DISTRICT OF COLUMBIA,WASHINGTON COUNTY,WASHINGTON,10,1941
190503,FLORIDA,DUVAL COUNTY,JACKSONVILLE,4,1918
120386,FLORIDA,ESCAMBIA COUNTY,PENSACOLA,1,1904
129052,FLORIDA,HILLSBOROUGH COUNTY,TAMPA,1,1941
215988,FLORIDA,HILLSBOROUGH COUNTY,WEST TAMPA,1,1905
315940,FLORIDA,MIAMI-DADE,MIAMI,1,1941
209059,FLORIDA,MONROE COUNTY,KEY WEST,4,1923
316444,FLORIDA,PINELLAS COUNTY,ST. PETERSBURG,2,1941
160637,GEORGIA,BIBB COUNTY,MACON,2,1923
83993,GEORGIA,CHATHAM COUNTY,SAVANNAH,1,1941
313938,GEORGIA,CLARKE COUNTY,ATHENS,1,1920
311598,GEORGIA,DOUGHERTY COUNTY,ALBANY,1,1923
262008,GEORGIA,FLOYD COUNTY,ROME,1,1923
215933,GEORGIA,FULTON COUNTY,ATLANTA,0,1941
304117,GEORGIA,FULTON COUNTY,BIRMINGHAM,9,1917
152545,GEORGIA,GLYNN COUNTY,BRUNSWICK,0,1941
314850,GEORGIA,LOWNDES COUNTY,VALDOSTA,1,1923
262784,GEORGIA,MUSCOGEE COUNTY,COLUMBUS,2,1920
151289,GEORGIA,RICHMOND COUNTY,AUGUSTA,1,1923
314163,GEORGIA,TROUP COUNTY,LA GRANGE,2,1923
229136,HAWAII,HONOLULU COUNTY,HONOLULU,5,1905
309024,IDAHO,ADA COUNTY,BOISE,0,1941
310813,IDAHO,BANNOCK COUNTY,POCATELLO,1,1923
263186,ILLINOIS,ADAMS COUNTY,QUINCY,1,1923
204118,ILLINOIS,ALEXANDER COUNTY,CAIRO,2,1920
292182,ILLINOIS,CHAMPAIGN COUNTY,CHAMPAIGN,7,1923
312269,ILLINOIS,CHAMPAIGN COUNTY,URBANA,1,1923
311544,ILLINOIS,COLES COUNTY,MATTOON,1,1923
316490,ILLINOIS,COOK COUNTY,BERWYN,1,1923
314175,ILLINOIS,COOK COUNTY,BLUE ISLAND,1,1923
54242,ILLINOIS,COOK COUNTY,CHICAGO,32,1941
313599,ILLINOIS,COOK COUNTY,CHICAGO HEIGHTS,1,1922
313789,ILLINOIS,COOK COUNTY,CICERO,0,1934
276196,ILLINOIS,COOK COUNTY,EVANSTON,1,1923
304291,ILLINOIS,COOK COUNTY,OAK PARK,1,1923
285667,ILLINOIS,FULTON COUNTY,CANTON,1,1919
310515,ILLINOIS,HENRY COUNTY,KEWANEE,1,1923
296140,ILLINOIS,JACKSON COUNTY,MURPHYSBORO,1,1923
226530,ILLINOIS,KANE COUNTY,AURORA,4,1923
166343,ILLINOIS,KANE COUNTY,ELGIN,0,1941
276086,ILLINOIS,KANKAKEE COUNTY,KANKAKEE,1,1921
262988,ILLINOIS,KNOX COUNTY,GALESBURG,1,1923
276069,ILLINOIS,LASALLE COUNTY,STREATOR,1,1918
242748,ILLINOIS,MACON COUNTY,DECATUR,5,1923
276846,ILLINOIS,MADISON COUNTY,ALTON,0,1941
311226,ILLINOIS,MADISON COUNTY,GRANITE CITY,2,1920
296050,ILLINOIS,MARION COUNTY,CENTRALIA,1,1923
285788,ILLINOIS,MCLEAN COUNTY,BLOOMINGTON,2,1923
199522,ILLINOIS,MORGAN COUNTY,JACKSONVILLE,1,1923
255935,ILLINOIS,PEORIA COUNTY,PEORIA,0,1932
285172,ILLINOIS,ROCK ISLAND COUNTY,MOLINE,0,1941
123369,ILLINOIS,ROCK ISLAND COUNTY,ROCK ISLAND,2,1923
202350,ILLINOIS,SANGAMON COUNTY,SPRINGFIELD,0,1941
263956,ILLINOIS,STEPHENSON COUNTY,FREEPORT,1,1923
189274,ILLINOIS,TAZEWELL COUNTY,PEKIN,1,1922
195184,ILLINOIS,VERMILION COUNTY,DANVILLE,2,1923
313804,ILLINOIS,WARREN COUNTY,MONMOUTH,1,1920
198527,ILLINOIS,WHITESIDE COUNTY,STERLING,1,1896
272281,ILLINOIS,WILL COUNTY,JOLIET,2,1918
315995,ILLINOIS,WILLIAMSON COUNTY,HERRIN,1,1923
259847,ILLINOIS,WINNEBAGO COUNTY,ROCKFORD,1,1923
298896,ILLINOIS,WOODFORD COUNTY,ROANOKE,1,1911
293544,INDIANA,ALLEN COUNTY,FORT WAYNE,1,1941
181786,INDIANA,BARTHOLOMEW COUNTY,COLUMBUS,2,1914
158516,INDIANA,CASS COUNTY,LOGANSPORT,1,1923
311988,INDIANA,CLAY COUNTY,BRAZIL,1,1920
297251,INDIANA,CLINTON COUNTY,FRANKFORT,1,1923
263814,INDIANA,DELAWARE COUNTY,MUNCIE,0,1941
255387,INDIANA,ELKHART COUNTY,ELKHART,4,1921
302559,INDIANA,FAYETTE COUNTY,HARRISBURG,1,1915
113590,INDIANA,FLOYD COUNTY,NEW ALBANY,1,1918
289541,INDIANA,GRANT COUNTY,MARION,1,1921
311947,INDIANA,GREENE COUNTY,BLOOMFIELD,1,1918
305239,INDIANA,HENRY COUNTY,NEW CASTLE,1,1920
274631,INDIANA,HOWARD COUNTY,KOKOMO,1,1923
313309,INDIANA,HUNTINGTON COUNTY,HUNTINGTON,1,1923
317248,INDIANA,KNOX COUNTY,VINCENNES,1,1910
301252,INDIANA,LAKE COUNTY,EAST CHICAGO,2,1923
310719,INDIANA,LAKE COUNTY,GARY,1,1923
262634,INDIANA,LAKE COUNTY,HAMMOND,2,1923
313940,INDIANA,LAPORTE COUNTY,LAPORTE,2,1923
179126,INDIANA,LAPORTE COUNTY,MICHIGAN CITY,1,1923
297168,INDIANA,LAWRENCE COUNTY,BEDFORD,1,1920
262400,INDIANA,MADISON COUNTY,ANDERSON,0,1941
262453,INDIANA,MADISON COUNTY,ELWOOD,1,1923
125695,INDIANA,MARION COUNTY,INDIANAPOLIS,9,1941
305477,INDIANA,MONROE COUNTY,BLOOMINGTON,1,1923
181935,INDIANA,MONTGOMERY COUNTY,CRAWFORDSVILLE,1,1923
305249,INDIANA,SHELBY COUNTY,SHELBYVILLE,2,1918
284401,INDIANA,TIPPECANOE COUNTY,LAFAYETTE,1,1923
81891,INDIANA,VANDERBURGH COUNTY,EVANSVILLE,1,1923
226184,INDIANA,VIGO COUNTY,TERRE HAUTE,0,1941
224738,INDIANA,WAYNE COUNTY,RICHMOND,1,1921
307466,IOWA,BLACK HAWK COUNTY,WATERLOO,0,1940
305848,IOWA,CERRO GORDO COUNTY,MASON CITY,1,1923
262714,IOWA,CLINTON COUNTY,CLINTON,1,1920
105598,IOWA,DES MOINES COUNTY,BURLINGTON,2,1923
152797,IOWA,DUBUQUE COUNTY,DUBUQUE,2,1923
311389,IOWA,JOHNSON COUNTY,IOWA CITY,1,1923
123207,IOWA,LEE COUNTY,KEOKUK,1,1921
317246,IOWA,LINN COUNTY,CEDAR RAPIDS,0,1941
295192,IOWA,MARSHALL COUNTY,MARSHALLTOWN,1,1923
299585,IOWA,MUSCATINE COUNTY,MUSCATINE,1,1923
260083,IOWA,POLK COUNTY,DES MOINES,0,1941
109283,IOWA,POTTAWATTAMIE COUNTY,COUNCIL BLUFFS,1,1923
105721,IOWA,SCOTT COUNTY,DAVENPORT,0,1940
168684,IOWA,WAPELLO COUNTY,OTTUMWA,1,1923
310963,IOWA,WEBSTER COUNTY,FORT DODGE,1,1921
292178,IOWA,WOODBURY COUNTY,SIOUX CITY,1,1940
257718,KANSAS,ALLEN COUNTY,IOLA,1,1918
226450,KANSAS,ATCHISON COUNTY,ATCHISON,1,1923
224409,KANSAS,BOURBON COUNTY,FORT SCOTT,1,1923
291586,KANSAS,CHEROKEE COUNTY,GALENA,1,1907
257715,KANSAS,COWLEY COUNTY,ARKANSAS CITY,1,1921
251881,KANSAS,CRAWFORD COUNTY,PITTSBURG,4,1922
241085,KANSAS,DICKINSON COUNTY,ABILENE,1,1899
251837,KANSAS,DOUGLAS COUNTY,LAWRENCE,0,1941
228298,KANSAS,HARVEY COUNTY,NEWTON,1,1909
289678,KANSAS,LABETTE COUNTY,PARSONS,1,1923
167645,KANSAS,LEAVENWORTH COUNTY,LEAVENWORTH,1,1923
204151,KANSAS,LYON COUNTY,EMPORIA,1,1897
289894,KANSAS,MONTGOMERY COUNTY,COFFEYVILLE,1,1923
296420,KANSAS,MONTGOMERY COUNTY,INDEPENDENCE,1,1920
305765,KANSAS,NEOSHO COUNTY,CHANUTE,1,1920
261796,KANSAS,RENO COUNTY,HUTCHINSON,1,1923
261828,KANSAS,SALINE COUNTY,SALINA,1,1923
228228,KANSAS,SEDGWICK COUNTY,WICHITA,1,1941
261693,KANSAS,SHAWNEE COUNTY,TOPEKA,0,1941
243461,KANSAS,WYANDOTTE COUNTY,KANSAS CITY,4,1923
313549,KENTUCKY,BOYD COUNTY,ASHLAND,2,1941
279405,KENTUCKY,CAMPBELL COUNTY,NEWPORT,2,1919
251902,KENTUCKY,DAVIESS COUNTY,OWENSBORO,1,1923
259436,KENTUCKY,FAYETTE COUNTY,LEXINGTON,1,1941
286423,KENTUCKY,HENDERSON COUNTY,HENDERSON,1,1923
93879,KENTUCKY,JEFFERSON COUNTY,LOUISVILLE,4,1941
255264,KENTUCKY,KENTON COUNTY,COVINGTON,3,1941
145288,KENTUCKY,MCCRACKEN COUNTY,PADUCAH,2,1923
130336,LOUISIANA,CADDO PARISH,SHREVEPORT,3,1941
295151,LOUISIANA,CALCASIEU PARISH,LAKE CHARLES,0,1941
177936,LOUISIANA,EAST BATON ROUGE PARISH,BATON ROUGE,2,1923
24043,LOUISIANA,ORLEANS PARISH,NEW ORLEANS,11,1941
199684,LOUISIANA,OUACHITA PARISH,MONROE,1,1921
240065,LOUISIANA,RAPIDES PARISH,ALEXANDRIA,3,1921
234724,MAINE,ANDROSCOGGIN COUNTY,AUBURN,1,1923
234918,MAINE,ANDROSCOGGIN COUNTY,LEWISTON,0,1924
87290,MAINE,CUMBERLAND COUNTY,PORTLAND,0,1941
241091,MAINE,KENNEBEC COUNTY,WATERVILLE,1,1923
273289,MAINE,KNOX COUNTY,ROCKLAND,1,1915
266786,MAINE,PENOBSCOT COUNTY,BANGOR,1,1923
196557,MAINE,SAGADAHOC COUNTY,BATH,2,1923
238545,MAINE,YORK COUNTY,BIDDEFORD,1,1923
272306,MAINE,YORK COUNTY,SANFORD,1,1923
135710,MARYLAND,ALLEGANY COUNTY,CUMBERLAND,0,1941
200856,MARYLAND,DORCHESTER COUNTY,CAMBRIDGE,7,1895
178957,MARYLAND,FREDERICK COUNTY,FREDERICK,0,1941
303080,MARYLAND,WASHINGTON COUNTY,HAGERSTOWN,1,1917
311439,MASSACHUSETTS,BERKSHIRE COUNTY,ADAMS,1,1923
143903,MASSACHUSETTS,BERKSHIRE COUNTY,NORTH ADAMS,2,1923
146336,MASSACHUSETTS,BERKSHIRE COUNTY,PITTSFIELD,3,1923
309518,MASSACHUSETTS,BRISTOL COUNTY,ATTLEBORO,1,1923
76962,MASSACHUSETTS,BRISTOL COUNTY,FALL RIVER,4,1941
114802,MASSACHUSETTS,BRISTOL COUNTY,NEW BEDFORD,8,1923
188742,MASSACHUSETTS,BRISTOL COUNTY,NORTH ATTLEBORO,2,1920
150288,MASSACHUSETTS,BRISTOL COUNTY,TAUNTON,1,1923
181661,MASSACHUSETTS,ESSEX COUNTY,AMESBURY,1,1923
171454,MASSACHUSETTS,ESSEX COUNTY,ANDOVER,1,1894
171770,MASSACHUSETTS,ESSEX COUNTY,BEVERLY,1,1923
312858,MASSACHUSETTS,ESSEX COUNTY,DANVERS,1,1923
200751,MASSACHUSETTS,ESSEX COUNTY,GLOUCESTER,2,1913
97098,MASSACHUSETTS,ESSEX COUNTY,HAVERHILL,1,1923
157418,MASSACHUSETTS,ESSEX COUNTY,LAWRENCE,1,1923
84652,MASSACHUSETTS,ESSEX COUNTY,LYNN,3,1923
316578,MASSACHUSETTS,ESSEX COUNTY,MARLBORO,1,1911
309977,MASSACHUSETTS,ESSEX COUNTY,METHUEN,1,1923
161074,MASSACHUSETTS,ESSEX COUNTY,NEWBURYPORT,1,1923
311352,MASSACHUSETTS,ESSEX COUNTY,PEABODY,1,1923
108988,MASSACHUSETTS,ESSEX COUNTY,SALEM,1,1923
312778,MASSACHUSETTS,ESSEX COUNTY,SAUGUS,1,1923
219509,MASSACHUSETTS,FRANKLIN COUNTY,GREENFIELD,1,1923
240502,MASSACHUSETTS,HAMPDEN COUNTY,CHICOPEE,1,1923
313936,MASSACHUSETTS,HAMPDEN COUNTY,HOLLAND,1,1919
216205,MASSACHUSETTS,HAMPDEN COUNTY,HOLYOKE,2,1923
196280,MASSACHUSETTS,HAMPDEN COUNTY,PALMER,1,1915
89858,MASSACHUSETTS,HAMPDEN COUNTY,SPRINGFIELD,0,1941
310887,MASSACHUSETTS,HAMPDEN COUNTY,WEST SPRINGFIELD,1,1923
219616,MASSACHUSETTS,HAMPDEN COUNTY,WESTFIELD,2,1923
312327,MASSACHUSETTS,HAMPSHIRE COUNTY,EASTHAMPTON,1,1923
144791,MASSACHUSETTS,HAMPSHIRE COUNTY,NORTHAMPTON,1,1923
299744,MASSACHUSETTS,HAMPSHIRE COUNTY,PLAINFIELD,4,1913
302995,MASSACHUSETTS,MIDDLESEX COUNTY,ARLINGTON,1,1923
314771,MASSACHUSETTS,MIDDLESEX COUNTY,BELMONT,1,1923
77812,MASSACHUSETTS,MIDDLESEX COUNTY,CAMBRIDGE,3,1923
182535,MASSACHUSETTS,MIDDLESEX COUNTY,EVERETT,2,1923
309719,MASSACHUSETTS,MIDDLESEX COUNTY,FRAMINGHAM,1,1923
286200,MASSACHUSETTS,MIDDLESEX COUNTY,LEXINGTON,4,1906
44927,MASSACHUSETTS,MIDDLESEX COUNTY,LOWELL,3,1923
235545,MASSACHUSETTS,MIDDLESEX COUNTY,MALDEN,4,1923
196768,MASSACHUSETTS,MIDDLESEX COUNTY,MARLBOROUGH,1,1920
191845,MASSACHUSETTS,MIDDLESEX COUNTY,MEDFORD,1,1923
204398,MASSACHUSETTS,MIDDLESEX COUNTY,MELROSE,1,1923
310583,MASSACHUSETTS,MIDDLESEX COUNTY,NATICK,2,1923
49398,MASSACHUSETTS,MIDDLESEX COUNTY,NEWTON,2,1923
148940,MASSACHUSETTS,MIDDLESEX COUNTY,SOMERVILLE,3,1923
196451,MASSACHUSETTS,MIDDLESEX COUNTY,WAKEFIELD,1,1923
197457,MASSACHUSETTS,MIDDLESEX COUNTY,WALTHAM,1,1923
310240,MASSACHUSETTS,MIDDLESEX COUNTY,WATERTOWN,1,1923
207705,MASSACHUSETTS,MIDDLESEX COUNTY,WEST NEWTON,1,1910
274855,MASSACHUSETTS,MIDDLESEX COUNTY,WINCHESTER,1,1923
189638,MASSACHUSETTS,MIDDLESEX COUNTY,WOBURN,1,1923
314213,MASSACHUSETTS,NORFOLK COUNTY,BRAINTREE,1,1923
190246,MASSACHUSETTS,NORFOLK COUNTY,BROOKLINE,1,1923
303849,MASSACHUSETTS,NORFOLK COUNTY,CANTON,3,1917
172208,MASSACHUSETTS,NORFOLK COUNTY,DEDHAM,1,1923
297054,MASSACHUSETTS,NORFOLK COUNTY,EAST WEYMOUTH,1,1910
297056,MASSACHUSETTS,NORFOLK COUNTY,NORTH WEYMOUTH,1,1910
314327,MASSACHUSETTS,NORFOLK COUNTY,NORWOOD,1,1922
252260,MASSACHUSETTS,NORFOLK COUNTY,QUINCY,4,1923
266181,MASSACHUSETTS,NORFOLK COUNTY,WEYMOUTH,1,1923
136733,MASSACHUSETTS,PLYMOUTH COUNTY,BROCKTON,2,1923
311868,MASSACHUSETTS,PLYMOUTH COUNTY,PLYMOUTH,1,1923
58052,MASSACHUSETTS,SUFFOLK COUNTY,BOSTON,10,1941
239359,MASSACHUSETTS,SUFFOLK COUNTY,CHELSEA,3,1923
229554,MASSACHUSETTS,SUFFOLK COUNTY,HYDE PARK,1,1911
316489,MASSACHUSETTS,SUFFOLK COUNTY,REVERE,1,1922
309396,MASSACHUSETTS,SUFFOLK COUNTY,WINTHROP,1,1923
237603,MASSACHUSETTS,WORCESTER COUNTY,CLINTON,1,1923
139370,MASSACHUSETTS,WORCESTER COUNTY,FITCHBURG,1,1923
302802,MASSACHUSETTS,WORCESTER COUNTY,GARDNER,1,1923
204845,MASSACHUSETTS,WORCESTER COUNTY,LEOMINSTER,1,1923
179211,MASSACHUSETTS,WORCESTER COUNTY,MILFORD,1,1923
315993,MASSACHUSETTS,WORCESTER COUNTY,NORTHBRIDGE,1,1923
310098,MASSACHUSETTS,WORCESTER COUNTY,SOUTHBRIDGE,1,1923
312038,MASSACHUSETTS,WORCESTER COUNTY,WEBSTER,1,1923
312014,MASSACHUSETTS,WORCESTER COUNTY,WESTCHESTER,3,1918
165695,MASSACHUSETTS,WORCESTER COUNTY,WORCESTER,3,1941
313281,MICHIGAN,ALPENA COUNTY,ALPENA,1,1922
215992,MICHIGAN,BAY COUNTY,BAY CITY,1,1923
171247,MICHIGAN,BAY COUNTY,WEST BAY CITY,1,1901
251430,MICHIGAN,BERRIEN COUNTY,BENTON HARBOR,1,1923
136053,MICHIGAN,CALHOUN COUNTY,BATTLE CREEK,3,1923
191407,MICHIGAN,CHIPPEWA COUNTY,SAULT STE. MARIE,1,1923
285657,MICHIGAN,DELTA COUNTY,ESCANABA,1,1918
202397,MICHIGAN,DICKINSON COUNTY,IRON MOUNTAIN,1,1895
154154,MICHIGAN,GENESEE COUNTY,FLINT,0,1941
312419,MICHIGAN,GOGEBIC COUNTY,IRONWOOD,4,1923
313810,MICHIGAN,GRAND TRAVERSE COUNTY,TRAVERSE CITY,1,1920
311242,MICHIGAN,HOUGHTON COUNTY,HANCOCK,1,1919
298898,MICHIGAN,HOUGHTON COUNTY,SOUTH RANGE,1,1911
292194,MICHIGAN,INGHAM COUNTY,LANSING,3,1918
98057,MICHIGAN,JACKSON COUNTY,JACKSON,8,1923
154783,MICHIGAN,KALAMAZOO COUNTY,KALAMAZOO,2,1923
142504,MICHIGAN,KENT COUNTY,GRAND RAPIDS,1,1941
312370,MICHIGAN,LENAWEE COUNTY,ADRIAN,1,1919
263866,MICHIGAN,MANISTEE COUNTY,MANISTEE,1,1912
311713,MICHIGAN,MARQUETTE COUNTY,ISHPEMING,1,1921
279824,MICHIGAN,MARQUETTE COUNTY,MARQUETTE,4,1923
199656,MICHIGAN,MASON COUNTY,LUDINGTON,1,1920
279964,MICHIGAN,MENOMINEE COUNTY,MENOMINEE,2,1903
192369,MICHIGAN,MUSKEGON COUNTY,MUSKEGON,1,1923
296560,MICHIGAN,OAKLAND COUNTY,PONTIAC,1,1923
300072,MICHIGAN,OTTAWA COUNTY,GRAND HAVEN,1,1915
311261,MICHIGAN,OTTAWA COUNTY,HOLLAND,1,1923
287756,MICHIGAN,SAGINAW COUNTY,SAGINAW,2,1924
271340,MICHIGAN,WASHTENAW COUNTY,ANN ARBOR,1,1923
60276,MICHIGAN,WAYNE COUNTY,DETROIT,13,1941
314374,MICHIGAN,WAYNE COUNTY,HAMTRAMCK,1,1923
312256,MICHIGAN,WEXFORD COUNTY,CADILLAC,1,1920
313088,MINNESOTA,BLUE EARTH COUNTY,MANKATO,1,1923
65567,MINNESOTA,HENNEPIN COUNTY,MINNEAPOLIS,1,1941
243765,MINNESOTA,MOWER COUNTY,AUSTIN,1,1922
299676,MINNESOTA,OLMSTED COUNTY,ROCHESTER,1,1923
316051,MINNESOTA,RICE COUNTY,FARIBAULT,1,1923
289979,MINNESOTA,WASHINGTON COUNTY,STILLWATER,2,1920
171282,MINNESOTA,WINONA COUNTY,WINONA,1,1923
250116,MISSISSIPPI,ADAMS COUNTY,NATCHEZ,1,1914
223683,MISSISSIPPI,FORREST COUNTY,HATTIESBURG,1,1918
262021,MISSISSIPPI,HARRISON COUNTY,BILOXI,1,1909
203749,MISSISSIPPI,HINDS COUNTY,JACKSON,1,1918
300067,MISSISSIPPI,JACKSON COUNTY,PASCAGOULA,1,1914
224000,MISSISSIPPI,LAUDERDALE COUNTY,MERIDIAN,2,1918
264073,MISSISSIPPI,WARREN COUNTY,VICKSBURG,1,1920
199503,MISSISSIPPI,WASHINGTON COUNTY,GREENVILLE,1,1908
313946,MISSOURI,BOONE COUNTY,COLUMBIA,1,1920
250009,MISSOURI,BUCHANAN COUNTY,ST. JOSEPH,1,1941
300393,MISSOURI,CALLAWAY COUNTY,PORTLAND,4,1920
307068,MISSOURI,CAPE GIRARDEAU COUNTY,CAPE GIRARDEAU,1,1923
287181,MISSOURI,COLE COUNTY,JEFFERSON CITY,1,1922
296012,MISSOURI,GREENE COUNTY,SPRINGFIELD,1,1923
307881,MISSOURI,JACKSON COUNTY,INDEPENDENCE,1,1922
67556,MISSOURI,JACKSON COUNTY,KANSAS CITY,1,1941
286012,MISSOURI,JASPER COUNTY,JOPLIN,1,1922
172213,MISSOURI,MARION COUNTY,HANNIBAL,1,1913
311729,MISSOURI,PETTIS COUNTY,SEDALIA,29,1918
313944,MISSOURI,SAINT CHARLES COUNTY,ST. CHARLES,1,1920
251350,MONTANA,CASCADE COUNTY,GREAT FALLS,0,1941
297211,MONTANA,DEER LODGE COUNTY,ANACONDA,1,1923
200569,MONTANA,LEWIS AND CLARK COUNTY,HELENA,0,1941
237235,MONTANA,MISSOULA COUNTY,MISSOULA,6,1941
194767,MONTANA,SILVER BOW COUNTY,BUTTE,1,1923
294831,MONTANA,YELLOWSTONE COUNTY,BILLINGS,0,1941
312374,NEBRASKA,DODGE COUNTY,FREMONT,2,1920
131953,NEBRASKA,DOUGLAS COUNTY,OMAHA,5,1941
263908,NEBRASKA,DOUGLAS COUNTY,SOUTH OMAHA,1,1915
310993,NEBRASKA,GAGE COUNTY,BEATRICE,1,1920
288401,NEBRASKA,LANCASTER COUNTY,LINCOLN,0,1939
229113,NEBRASKA,OTOE COUNTY,NEBRASKA CITY,1,1910
196677,NEVADA,STOREY COUNTY,VIRGINIA CITY,1,1898
299518,NEVADA,WASHOE COUNTY,RENO,0,1935
313010,NEW HAMPSHIRE,CHESHIRE COUNTY,KEENE,3,1923
272370,NEW HAMPSHIRE,COÖS COUNTY,BERLIN,3,1923
111380,NEW HAMPSHIRE,HILLSBOROUGH COUNTY,MANCHESTER,1,1941
179843,NEW HAMPSHIRE,HILLSBOROUGH COUNTY,NASHUA,0,1941
209010,NEW HAMPSHIRE,MERRIMACK COUNTY,CONCORD,0,1941
272416,NEW HAMPSHIRE,MERRIMACK COUNTY,FRANKLIN,2,1913
285924,NEW HAMPSHIRE,ROCKINGHAM COUNTY,PORTSMOUTH,1,1922
305551,NEW HAMPSHIRE,STRAFFORD COUNTY,DOVER,1,1923
297055,NEW HAMPSHIRE,STRAFFORD COUNTY,ROCHESTER,2,1910
165744,NEW HAMPSHIRE,SULLIVAN COUNTY,CLAREMONT,1,1894
297689,NEW JERSEY,ATLANTIC COUNTY,ATLANTIC CITY,3,1923
311185,NEW JERSEY,BERGEN COUNTY,ENGLEWOOD,1,1923
312117,NEW JERSEY,BERGEN COUNTY,GARFIELD,1,1923
305361,NEW JERSEY,BERGEN COUNTY,HACKENSACK,1,1923
121925,NEW JERSEY,CAMDEN COUNTY,CAMDEN,1,1941
311503,NEW JERSEY,CAMDEN COUNTY,GLOUCESTER CITY,1,1921
311689,NEW JERSEY,ESSEX COUNTY,BELLEVILLE,1,1923
311095,NEW JERSEY,ESSEX COUNTY,BLOOMFIELD,1,1923
298237,NEW JERSEY,ESSEX COUNTY,EAST ORANGE,2,1923
310937,NEW JERSEY,ESSEX COUNTY,IRVINGTON,1,1921
286899,NEW JERSEY,ESSEX COUNTY,MONTCLAIR,3,1923
120213,NEW JERSEY,ESSEX COUNTY,NEWARK,6,1941
218545,NEW JERSEY,ESSEX COUNTY,ORANGE,1,1923
305698,NEW JERSEY,ESSEX COUNTY,WEST ORANGE,1,1923
268329,NEW JERSEY,HUDSON COUNTY,BAYONNE,2,1923
268793,NEW JERSEY,HUDSON COUNTY,HARRISON,2,1923
183638,NEW JERSEY,HUDSON COUNTY,HOBOKEN,3,1923
187609,NEW JERSEY,HUDSON COUNTY,JERSEY CITY,10,1923
269319,NEW JERSEY,HUDSON COUNTY,KEARNY,1,1923
269623,NEW JERSEY,HUDSON COUNTY,WEST NEW YORK,3,1923
282384,NEW JERSEY,MERCER COUNTY,TRENTON,1,1941
194821,NEW JERSEY,MIDDLESEX COUNTY,NEW BRUNSWICK,1,1921
290266,NEW JERSEY,MIDDLESEX COUNTY,PERTH AMBOY,2,1923
305895,NEW JERSEY,MONMOUTH COUNTY,ASBURY PARK,1,1923
302628,NEW JERSEY,MONMOUTH COUNTY,LONG BRANCH,1,1923
295752,NEW JERSEY,MORRIS COUNTY,MORRISTOWN,1,1923
314107,NEW JERSEY,PASSAIC COUNTY,CLIFTON,2,1923
184859,NEW JERSEY,PASSAIC COUNTY,PASSAIC,1,1923
296333,NEW JERSEY,PASSAIC COUNTY,PATERSON,2,1923
296379,NEW JERSEY,SOMERSET COUNTY,KINGSTON,1,1910
203160,NEW JERSEY,UNION COUNTY,ELIZABETH,2,1923
161833,NEW JERSEY,UNION COUNTY,PLAINFIELD,1,1923
307275,NEW JERSEY,UNION COUNTY,RAHWAY,2,1923
314455,NEW JERSEY,UNION COUNTY,SUMMIT,1,1923
311783,NEW JERSEY,WARREN COUNTY,PHILLIPSBURG,2,1923
214420,NEW MEXICO,BERNALILLO COUNTY,ALBUQUERQUE,3,1941
274437,NEW YORK,ALBANY COUNTY,ALBANY,5,1923
307589,NEW YORK,ALBANY COUNTY,COHOES,1,1923
312469,NEW YORK,ALBANY COUNTY,WATERVLIET,1,1922
116535,NEW YORK,BROOME COUNTY,BINGHAMTON,8,1922
198466,NEW YORK,CATTARAUGUS COUNTY,OLEAN,1,1923
95931,NEW YORK,CAYUGA COUNTY,AUBURN,2,1923
195818,NEW YORK,CHAUTAUQUA COUNTY,DUNKIRK,4,1923
173700,NEW YORK,CHAUTAUQUA COUNTY,JAMESTOWN,1,1923
229934,NEW YORK,CHEMUNG COUNTY,ELMIRA,2,1923
309793,NEW YORK,COLUMBIA COUNTY,HUDSON,1,1923
204724,NEW YORK,CORTLAND COUNTY,CORTLAND,1,1923
310459,NEW YORK,DUTCHESS COUNTY,BEACON,1,1920
113780,NEW YORK,DUTCHESS COUNTY,POUGHKEEPSIE,4,1923
92351,NEW YORK,ERIE COUNTY,BUFFALO,6,1941
296852,NEW YORK,ERIE COUNTY,LACKAWANNA,1,1923
312375,NEW YORK,FULTON COUNTY,GLOVERSVILLE,1,1919
173835,NEW YORK,FULTON COUNTY,JOHNSTOWN,1,1920
243775,NEW YORK,GENESEE COUNTY,BATAVIA,1,1918
314485,NEW YORK,HERKIMER COUNTY,HERKIMER,1,1922
197044,NEW YORK,HERKIMER COUNTY,LITTLE FALLS,1,1923
298893,NEW YORK,JEFFERSON COUNTY,PHILADELPHIA,80,1913
303161,NEW YORK,JEFFERSON COUNTY,WATERTOWN,2,1923
54580,NEW YORK,KINGS COUNTY,BROOKLYN,32,1897
295570,NEW YORK,LEWIS COUNTY,BEAVER FALLS,1,1908
69649,NEW YORK,MONROE COUNTY,ROCHESTER,0,1941
251928,NEW YORK,MONTGOMERY COUNTY,AMSTERDAM,1,1923
143555,NEW YORK,NIAGARA COUNTY,LOCKPORT,1,1923
272822,NEW YORK,NIAGARA COUNTY,NIAGARA FALLS,3,1923
297110,NEW YORK,NIAGARA COUNTY,NORTH TONAWANDA,1,1923
170977,NEW YORK,ONEIDA COUNTY,UTICA,5,1919
177807,NEW YORK,ONONDAGA COUNTY,SYRACUSE,2,1941
223808,NEW YORK,ONTARIO COUNTY,GENEVA,1,1923
303416,NEW YORK,ORANGE COUNTY,NEWBURGH,2,1923
310880,NEW YORK,OSWEGO COUNTY,FULTON,2,1918
296384,NEW YORK,OSWEGO COUNTY,OSWEGO,2,1918
200756,NEW YORK,OTSEGO COUNTY,HOBOKEN,1,1895
184254,NEW YORK,OTSEGO COUNTY,ONEONTA,1,1908
196679,NEW YORK,QUEENS,COLLEGE POINT,1,1894
251450,NEW YORK,RENSSELAER COUNTY,LANSINGBURGH,1,1899
271916,NEW YORK,RENSSELAER COUNTY,TROY,5,1923
174121,NEW YORK,RICHMOND COUNTY,NEW BRIGHTON,2,1897
191362,NEW YORK,RICHMOND COUNTY,PORT RICHMOND,1,1895
282704,NEW YORK,SARATOGA COUNTY,SARATOGA SPRINGS,2,1923
50534,NEW YORK,SCHENECTADY COUNTY,SCHENECTADY,6,1923
191485,NEW YORK,SENECA COUNTY,SENECA FALLS,1,1895
240032,NEW YORK,STEUBEN COUNTY,CORNING,1,1918
310488,NEW YORK,STEUBEN COUNTY,HORNELL,1,1923
299743,NEW YORK,SUFFOLK COUNTY,NORTHAMPTON,1,1913
223920,NEW YORK,TOMPKINS COUNTY,ITHACA,1,1923
155436,NEW YORK,ULSTER COUNTY,KINGSTON,7,1918
295351,NEW YORK,WARREN COUNTY,GLENS FALLS,2,1923
309762,NEW YORK,WESTCHESTER COUNTY,NEW ROCHELLE,1,1918
311302,NEW YORK,WESTCHESTER COUNTY,OSSINING,1,1923
168761,NEW YORK,WESTCHESTER COUNTY,PEEKSKILL,1,1923
179983,NEW YORK,WESTCHESTER COUNTY,PORT CHESTER,2,1923
199678,NEW YORK,WESTCHESTER COUNTY,RYE,2,1895
310384,NEW YORK,WESTCHESTER COUNTY,WHITE PLAINS,3,1923
95647,NEW YORK,WESTCHESTER COUNTY,YONKERS,1,1923
223470,NORTH CAROLINA,BUNCOMBE COUNTY,ASHEVILLE,15,1919
224115,NORTH CAROLINA,DURHAM COUNTY,DURHAM,1,1923
194140,NORTH CAROLINA,FORSYTH COUNTY,WINSTON-SALEM,1,1941
316574,NORTH CAROLINA,GASTON COUNTY,GASTONIA,0,1941
285286,NORTH CAROLINA,GUILFORD COUNTY,GREENSBORO,2,1923
312471,NORTH CAROLINA,GUILFORD COUNTY,HIGH POINT,2,1919
219198,NORTH CAROLINA,MECKLENBURG COUNTY,CHARLOTTE,4,1922
303839,NORTH CAROLINA,NASH COUNTY,ROCKY MOUNT,1,1923
217956,NORTH CAROLINA,NEW HANOVER COUNTY,WILMINGTON,0,1941
314507,NORTH CAROLINA,ROWAN COUNTY,SALISBURY,1,1923
306932,NORTH CAROLINA,WAKE COUNTY,RALEIGH,0,1941
267699,NORTH DAKOTA,CASS COUNTY,FARGO,0,1941
305234,NORTH DAKOTA,GRAND FORKS COUNTY,GRAND FORKS,0,1939
267741,NORTH DAKOTA,TRAILL COUNTY,MAYVILLE,1,1901
315172,NORTH DAKOTA,WARD COUNTY,MINOT,0,1941
298513,OHIO,ALLEN COUNTY,LIMA,1,1923
189692,OHIO,ASHTABULA COUNTY,ASHTABULA,1,1923
273302,OHIO,BELMONT COUNTY,BELLAIRE,1,1923
197953,OHIO,BELMONT COUNTY,MARTINS FERRY,1,1923
142595,OHIO,BUTLER COUNTY,HAMILTON,1,1923
171222,OHIO,CHAMPAIGN COUNTY,URBANA,1,1898
270543,OHIO,CLARK COUNTY,SPRINGFIELD,1,1923
203615,OHIO,COLUMBIANA COUNTY,EAST LIVERPOOL,3,1923
313933,OHIO,COSHOCTON COUNTY,COSHOCTON,1,1923
172046,OHIO,CRAWFORD COUNTY,BUCYRUS,2,1923
29913,OHIO,CUYAHOGA COUNTY,CLEVELAND,9,1941
314574,OHIO,CUYAHOGA COUNTY,CLEVELAND HEIGHTS,1,1923
262544,OHIO,CUYAHOGA COUNTY,EAST CLEVELAND,3,1923
190456,OHIO,DARKE COUNTY,GREENVILLE,1,1894
224562,OHIO,ERIE COUNTY,SANDUSKY,1,1923
307942,OHIO,FAIRFIELD COUNTY,LANCASTER,2,1923
282432,OHIO,FRANKLIN COUNTY,ALTON,1,1903
100588,OHIO,FRANKLIN COUNTY,COLUMBUS,0,1941
296963,OHIO,GUERNSEY COUNTY,CAMBRIDGE,1,1923
44101,OHIO,HAMILTON COUNTY,CINCINNATI,4,1941
260152,OHIO,HANCOCK COUNTY,FINDLAY,2,1923
301482,OHIO,JEFFERSON COUNTY,STEUBENVILLE,1,1923
312015,OHIO,KNOX COUNTY,MOUNT VERNON,1,1918
179031,OHIO,LAWRENCE COUNTY,IRONTON,1,1922
264111,OHIO,LICKING COUNTY,NEWARK,1,1923
273328,OHIO,LORAIN COUNTY,ELYRIA,1,1923
273487,OHIO,LORAIN COUNTY,LORAIN,2,1923
73758,OHIO,LUCAS COUNTY,TOLEDO,0,1941
48477,OHIO,MAHONING COUNTY,YOUNGSTOWN,1,1923
273584,OHIO,MARION COUNTY,MARION,1,1923
292069,OHIO,MIAMI COUNTY,PIQUA,1,1923
138010,OHIO,MONTGOMERY COUNTY,DAYTON,8,1923
269846,OHIO,MUSKINGUM COUNTY,ZANESVILLE,1,1923
284255,OHIO,RICHLAND COUNTY,MANSFIELD,1,1923
241135,OHIO,ROSS COUNTY,CHILLICOTHE,1,1923
307758,OHIO,SANDUSKY COUNTY,FREMONT,1,1923
253157,OHIO,SCIOTO COUNTY,PORTSMOUTH,2,1921
310470,OHIO,SENECA COUNTY,FOSTORIA,1,1920
181586,OHIO,SENECA COUNTY,TIFFIN,1,1923
312917,OHIO,STARK COUNTY,ALLIANCE,1,1923
125946,OHIO,STARK COUNTY,CANTON,2,1923
167688,OHIO,STARK COUNTY,MASSILLON,1,1918
244051,OHIO,SUMMIT COUNTY,AKRON,1,1923
310640,OHIO,SUMMIT COUNTY,BARBERTON,1,1923
314596,OHIO,SUMMIT COUNTY,CUYAHOGA FALLS,1,1921
314683,OHIO,SUMMIT COUNTY,KENMORE,1,1923
314529,OHIO,TRUMBULL COUNTY,NILES,1,1923
196516,OHIO,TRUMBULL COUNTY,WARREN,3,1918
312744,OHIO,TUSCARAWAS COUNTY,NEW PHILADELPHIA,1,1923
296398,OHIO,WARREN COUNTY,LEBANON,1,1909
282433,OHIO,WASHINGTON COUNTY,MARIETTA,2,1906
251974,OKLAHOMA,GARFIELD COUNTY,ENID,1,1918
304191,OKLAHOMA,MUSKOGEE COUNTY,MUSKOGEE,0,1937
245372,OKLAHOMA,OKLAHOMA COUNTY,OKLAHOMA CITY,2,1941
251976,OKLAHOMA,POTTAWATOMIE COUNTY,SHAWNEE,1,1923
313229,OKLAHOMA,TULSA COUNTY,TULSA,0,1941
251397,OREGON,CLATSOP COUNTY,ASTORIA,1,1921
311221,OREGON,LANE COUNTY,EUGENE,1,1920
312737,OREGON,MARION COUNTY,SALEM,0,1941
247225,OREGON,MULTNOMAH COUNTY,PORTLAND,3,1941
309066,PENNSYLVANIA,ALLEGHENY COUNTY,CARNEGIE,1,1923
312190,PENNSYLVANIA,ALLEGHENY COUNTY,DUQUESNE,1,1923
282996,PENNSYLVANIA,ALLEGHENY COUNTY,HOMESTEAD,5,1923
309883,PENNSYLVANIA,ALLEGHENY COUNTY,MCKEES ROCKS,1,1923
198148,PENNSYLVANIA,ALLEGHENY COUNTY,MCKEESPORT,1,1923
308098,PENNSYLVANIA,ALLEGHENY COUNTY,NORTH BRADDOCK,3,1923
35654,PENNSYLVANIA,ALLEGHENY COUNTY,PITTSBURGH,9,1941
314003,PENNSYLVANIA,ALLEGHENY COUNTY,SWISSVALE,1,1923
291890,PENNSYLVANIA,ALLEGHENY COUNTY,WILKINSBURG,2,1923
302554,PENNSYLVANIA,BEAVER COUNTY,AMBRIDGE,1,1923
186874,PENNSYLVANIA,BEAVER COUNTY,BEAVER FALLS,1,1923
81473,PENNSYLVANIA,BERKS COUNTY,READING,0,1941
94094,PENNSYLVANIA,BLAIR COUNTY,ALTOONA,4,1923
312167,PENNSYLVANIA,BUCKS COUNTY,BRISTOL,1,1923
186967,PENNSYLVANIA,BUTLER COUNTY,BUTLER,1,1923
307713,PENNSYLVANIA,CHESTER COUNTY,COATESVILLE,4,1923
308115,PENNSYLVANIA,CHESTER COUNTY,PHOENIXVILLE,1,1923
177869,PENNSYLVANIA,CHESTER COUNTY,WEST CHESTER,1,1921
223674,PENNSYLVANIA,CLEARFIELD COUNTY,DUBOIS,1,1923
313948,PENNSYLVANIA,COLUMBIA COUNTY,BERWICK,3,1923
308035,PENNSYLVANIA,CRAWFORD COUNTY,MEADVILLE,1,1922
194951,PENNSYLVANIA,CRAWFORD COUNTY,TITUSVILLE,1,1910
198536,PENNSYLVANIA,CUMBERLAND COUNTY,CARLISLE,2,1910
143009,PENNSYLVANIA,DAUPHIN COUNTY,HARRISBURG,1,1922
228686,PENNSYLVANIA,DAUPHIN COUNTY,STEELTON,1,1923
152695,PENNSYLVANIA,DELAWARE COUNTY,CHESTER,1,1923
122556,PENNSYLVANIA,ERIE COUNTY,ERIE,6,1923
307490,PENNSYLVANIA,FAYETTE COUNTY,CONNELLSVILLE,2,1922
308200,PENNSYLVANIA,FAYETTE COUNTY,UNIONTOWN,1,1923
309068,PENNSYLVANIA,FRANKLIN COUNTY,CHAMBERSBURG,3,1919
313995,PENNSYLVANIA,JEFFERSON COUNTY,PUNXSUTAWNEY,1,1922
252713,PENNSYLVANIA,LACKAWANNA COUNTY,CARBONDALE,1,1923
314054,PENNSYLVANIA,LACKAWANNA COUNTY,DICKSON CITY,1,1922
242877,PENNSYLVANIA,LACKAWANNA COUNTY,DUNMORE,1,1923
313993,PENNSYLVANIA,LACKAWANNA COUNTY,OLYPHANT,2,1923
170596,PENNSYLVANIA,LACKAWANNA COUNTY,SCRANTON,0,1941
263345,PENNSYLVANIA,LANCASTER COUNTY,COLUMBIA,1,1922
207529,PENNSYLVANIA,LANCASTER COUNTY,LANCASTER,1,1923
286188,PENNSYLVANIA,LAWRENCE COUNTY,NEW CASTLE,9,1923
143400,PENNSYLVANIA,LEBANON COUNTY,LEBANON,5,1923
135941,PENNSYLVANIA,LEHIGH COUNTY,ALLENTOWN,1,1923
196660,PENNSYLVANIA,LUZERNE COUNTY,HAZLETON,5,1923
286389,PENNSYLVANIA,LUZERNE COUNTY,NANTICOKE,4,1923
251459,PENNSYLVANIA,LUZERNE COUNTY,PITTSTON,1,1922
196361,PENNSYLVANIA,LUZERNE COUNTY,PLYMOUTH,1,1923
283672,PENNSYLVANIA,LUZERNE COUNTY,WILKES-BARRE,1,1923
253296,PENNSYLVANIA,LYCOMING COUNTY,WILLIAMSPORT,1,1923
181751,PENNSYLVANIA,MCKEAN COUNTY,BRADFORD,1,1923
307520,PENNSYLVANIA,MERCER COUNTY,FARRELL,1,1923
308189,PENNSYLVANIA,MERCER COUNTY,SHARON,1,1923
168092,PENNSYLVANIA,MONTGOMERY COUNTY,NORRISTOWN,2,1923
185388,PENNSYLVANIA,MONTGOMERY COUNTY,POTTSTOWN,1,1923
303682,PENNSYLVANIA,NORTHAMPTON COUNTY,EASTON,1,1923
188822,PENNSYLVANIA,NORTHUMBERLAND COUNTY,SHAMOKIN,1,1923
286203,PENNSYLVANIA,NORTHUMBERLAND COUNTY,SUNBURY,1,1921
20708,PENNSYLVANIA,PHILADELPHIA COUNTY,PHILADELPHIA,25,1941
235019,PENNSYLVANIA,SCHUYLKILL COUNTY,MAHANOY CITY,1,1922
194924,PENNSYLVANIA,SCHUYLKILL COUNTY,POTTSVILLE,1,1923
298882,PENNSYLVANIA,SCHUYLKILL COUNTY,SHENANDOAH,1,1922
285662,PENNSYLVANIA,SCHUYLKILL COUNTY,TAMAQUA,1,1923
199653,PENNSYLVANIA,WARREN COUNTY,PITTSFIELD,1,1895
287852,PENNSYLVANIA,WARREN COUNTY,WARREN,1,1923
314043,PENNSYLVANIA,WASHINGTON COUNTY,CANONSBURG,1,1923
313954,PENNSYLVANIA,WASHINGTON COUNTY,CHARLEROI,2,1923
313963,PENNSYLVANIA,WASHINGTON COUNTY,DONORA,1,1923
303921,PENNSYLVANIA,WASHINGTON COUNTY,WASHINGTON,1,1923
313972,PENNSYLVANIA,WESTMORELAND COUNTY,JEANNETTE,1,1923
308063,PENNSYLVANIA,WESTMORELAND COUNTY,MONESSEN,3,1923
314020,PENNSYLVANIA,WESTMORELAND COUNTY,NEW KENSINGTON,1,1923
266529,PENNSYLVANIA,YORK COUNTY,YORK,1,1923
197013,RHODE ISLAND,BRISTOL COUNTY,BRISTOL,1,1918
272343,RHODE ISLAND,KENT COUNTY,WARWICK,2,1920
307345,RHODE ISLAND,KENT COUNTY,WEST WARWICK,1,1918
90243,RHODE ISLAND,NEWPORT COUNTY,NEWPORT,2,1923
40759,SOUTH CAROLINA,CHARLESTON COUNTY,CHARLESTON,1,1941
300015,SOUTH CAROLINA,FLORENCE COUNTY,FLORENCE,1,1941
231705,SOUTH CAROLINA,GREENVILLE COUNTY,GREENVILLE,0,1941
284097,SOUTH CAROLINA,KERSHAW COUNTY,CAMDEN,1,1912
223468,SOUTH CAROLINA,RICHLAND COUNTY,COLUMBIA,1,1938
224387,SOUTH CAROLINA,SPARTANBURG COUNTY,SPARTANBURG,1,1921
296139,SOUTH DAKOTA,BROWN COUNTY,ABERDEEN,0,1940
189257,SOUTH DAKOTA,MINNEHAHA COUNTY,SIOUX FALLS,0,1941
296381,TENNESSEE,DAVIDSON COUNTY,GREENVILLE,10,1909
103833,TENNESSEE,DAVIDSON COUNTY,NASHVILLE,0,1941
209247,TENNESSEE,HAMILTON COUNTY,CHATTANOOGA,3,1923
156793,TENNESSEE,KNOX COUNTY,KNOXVILLE,2,1941
134088,TENNESSEE,SHELBY COUNTY,MEMPHIS,4,1941
219464,TENNESSEE,WASHINGTON COUNTY,JOHNSON CITY,1,1921
259518,TEXAS,ANDERSON COUNTY,PALESTINE,1,1919
248391,TEXAS,BEXAR COUNTY,SAN ANTONIO,11,1941
196657,TEXAS,CAMERON COUNTY,BROWNSVILLE,1,1917
242653,TEXAS,DALLAS COUNTY,DALLAS,5,1941
105509,TEXAS,GALVESTON COUNTY,GALVESTON,1,1941
173536,TEXAS,HARRIS COUNTY,HOUSTON,6,1941
305429,TEXAS,HARRISON COUNTY,MARSHALL,2,1918
300397,TEXAS,HIDALGO COUNTY,HIDALGO,1,1915
259506,TEXAS,HUNT COUNTY,GREENVILLE,1,1921
250175,TEXAS,JEFFERSON COUNTY,BEAUMONT,1,1923
300061,TEXAS,JEFFERSON COUNTY,PORT ARTHUR,1,1921
226287,TEXAS,MCLENNAN COUNTY,WACO,1,1923
259495,TEXAS,NAVARRO COUNTY,CORSICANA,2,1923
261910,TEXAS,NUECES COUNTY,CORPUS CHRISTI,1,1923
297037,TEXAS,POTTER COUNTY,AMARILLO,2,1923
167535,TEXAS,TARRANT COUNTY,FORT WORTH,1,1941
305448,TEXAS,TAYLOR COUNTY,ABILENE,6,1922
311931,TEXAS,TOM GREEN COUNTY,SAN ANGELO,8,1923
171484,TEXAS,TRAVIS COUNTY,AUSTIN,1,1923
202401,TEXAS,WEBB COUNTY,LAREDO,2,1895
181519,UTAH,SALT LAKE COUNTY,SALT LAKE CITY,0,1941
307059,UTAH,UTAH COUNTY,PROVO,1,1923
261853,UTAH,WEBER COUNTY,OGDEN,7,1920
196588,VERMONT,BENNINGTON COUNTY,BENNINGTON,2,1912
189910,VERMONT,CALEDONIA COUNTY,ST JOHNSBURY,1,1894
199451,VERMONT,CHITTENDEN COUNTY,BURLINGTON,0,1941
299557,VERMONT,RUTLAND COUNTY,MOUNT HOLLY,1,1912
162650,VERMONT,RUTLAND COUNTY,RUTLAND,0,1941
305113,VERMONT,WASHINGTON COUNTY,BARRE,0,1941
228969,VIRGINIA,CITY OF ALEXANDRIA,ALEXANDRIA,1,1923
316071,VIRGINIA,CITY OF CHARLOTTESVILLE,CHARLOTTESVILLE,1,1923
248480,VIRGINIA,CITY OF DANVILLE,DANVILLE,2,1923
160531,VIRGINIA,CITY OF LYNCHBURG,LYNCHBURG,0,1941
224793,VIRGINIA,CITY OF NEWPORT NEWS,NEWPORT NEWS,2,1923
221409,VIRGINIA,CITY OF NORFOLK,NORFOLK,2,1941
145525,VIRGINIA,CITY OF PETERSBURG,PETERSBURG,4,1923
230797,VIRGINIA,CITY OF PORTSMOUTH,PORTSMOUTH,1,1923
26684,VIRGINIA,CITY OF RICHMOND,RICHMOND,1,1941
257667,VIRGINIA,CITY OF ROANOKE,ROANOKE,0,1941
312275,VIRGINIA,CITY OF STAUNTON,STAUNTON,2,1920
234967,VIRGINIA,CITY OF SUFFOLK,PHILADELPHIA,67,1899
296396,VIRGINIA,LUNENBURG COUNTY,VICTORIA,5,1909
296399,VIRGINIA,RICHMOND COUNTY,MANCHESTER,2,1909
316049,VIRGINIA,WISE COUNTY,TACOMA,2,1921
305606,WASHINGTON,CLARK COUNTY,VANCOUVER,1,1923
266574,WASHINGTON,GRAYS HARBOR COUNTY,ABERDEEN,2,1923
266718,WASHINGTON,GRAYS HARBOR COUNTY,HOQUIAM,2,1914
314010,WASHINGTON,GRAYS HARBOR COUNTY,WOODLAWN,2,1923
175213,WASHINGTON,KING COUNTY,SEATTLE,5,1941
210626,WASHINGTON,PIERCE COUNTY,TACOMA,0,1941
200805,WASHINGTON,SNOHOMISH COUNTY,EVERETT,1,1923
176101,WASHINGTON,SPOKANE COUNTY,SPOKANE,1,1941
250090,WASHINGTON,WALLA WALLA COUNTY,WALLA WALLA,2,1923
296153,WASHINGTON,WHATCOM COUNTY,BELLINGHAM,3,1923
313128,WASHINGTON,YAKIMA COUNTY,YAKIMA,1,1923
283089,WEST VIRGINIA,BERKELEY COUNTY,MARTINSBURG,1,1923
229497,WEST VIRGINIA,CABELL COUNTY,HUNTINGTON,0,1941
311956,WEST VIRGINIA,HARRISON COUNTY,CLARKSBURG,1,1923
289472,WEST VIRGINIA,KANAWHA COUNTY,CHARLESTON,1,1941
307506,WEST VIRGINIA,MARION COUNTY,FAIRMONT,1,1923
295555,WEST VIRGINIA,MARSHALL COUNTY,MOUNDSVILLE,1,1922
222724,WEST VIRGINIA,MERCER COUNTY,BLUEFIELD,1,1923
279925,WEST VIRGINIA,MONONGALIA COUNTY,MORGANTOWN,3,1923
48303,WEST VIRGINIA,OHIO COUNTY,WHEELING,0,1941
295229,WEST VIRGINIA,WOOD COUNTY,PARKERSBURG,1,1923
228286,WISCONSIN,ASHLAND COUNTY,ASHLAND,1,1923
203801,WISCONSIN,BROWN COUNTY,GREEN BAY,1,1923
240026,WISCONSIN,CHIPPEWA COUNTY,CHIPPEWA FALLS,1,1899
198532,WISCONSIN,COLUMBIA COUNTY,PORTAGE,1,1895
301192,WISCONSIN,DANE COUNTY,MADISON,0,1941
186762,WISCONSIN,DOUGLAS COUNTY,SUPERIOR,0,1941
305809,WISCONSIN,EAU CLAIRE COUNTY,EAU CLAIRE,1,1923
271556,WISCONSIN,FOND DU LAC COUNTY,FOND DU LAC,1,1923
302494,WISCONSIN,KENOSHA COUNTY,KENOSHA,0,1941
238119,WISCONSIN,LA CROSSE COUNTY,LA CROSSE,3,1923
191263,WISCONSIN,MANITOWOC COUNTY,MANITOWOC,2,1923
203696,WISCONSIN,MARATHON COUNTY,WAUSAU,2,1923
173955,WISCONSIN,MARINETTE COUNTY,MARINETTE,1,1923
63558,WISCONSIN,MILWAUKEE COUNTY,MILWAUKEE,4,1941
316013,WISCONSIN,MILWAUKEE COUNTY,WEST ALLIS,1,1923
284144,WISCONSIN,OUTAGAMIE COUNTY,APPLETON,1,1923
316034,WISCONSIN,PORTAGE COUNTY,STEVENS POINT,1,1923
148335,WISCONSIN,RACINE COUNTY,RACINE,0,1941
285588,WISCONSIN,ROCK COUNTY,BELOIT,1,1923
260342,WISCONSIN,ROCK COUNTY,JANESVILLE,1,1923
255986,WISCONSIN,SHEBOYGAN COUNTY,SHEBOYGAN,11,1923
204919,WISCONSIN,WAUKESHA COUNTY,WAUKESHA,1,1923
223556,WISCONSIN,WINNEBAGO COUNTY,OSHKOSH,1,1923
237322,WYOMING,LARAMIE COUNTY,CHEYENNE,2,1923
316043,WYOMING,NATRONA COUNTY,CASPER,1,1923
